district,price_mean_modal,price_median_modal,price_mean_min,price_mean_max,price_mean_spread,price_std,price_cv,price_iqr,price_max_monthly,price_min_monthly,price_rolling_vol_3m,price_rolling_vol_6m,price_max_monthly_change,price_mean_abs_monthly_change,jan_avg_price,jan_std_price,feb_avg_price,feb_std_price,mar_avg_price,mar_std_price,apr_avg_price,apr_std_price,may_avg_price,may_std_price,jun_avg_price,jun_std_price,jul_avg_price,jul_std_price,aug_avg_price,aug_std_price,sep_avg_price,sep_std_price,oct_avg_price,oct_std_price,nov_avg_price,nov_std_price,dec_avg_price,dec_std_price,seasonal_amplitude,seasonal_cv,seasonal_strength,peak_to_trough_ratio,peak_price_month,trough_price_month,peak_month_consistency,price_trend_linear_slope,price_trend_quadratic_coef,price_cagr,mann_kendall_tau,mann_kendall_pvalue,structural_break_count,monthly_return_mean,monthly_return_median,monthly_return_volatility,pct_positive_months,longest_increasing_streak,longest_decreasing_streak,num_turning_points,max_drawdown,pct_imputed,observed_years,imputed_years,missing_years_before_imputation,fraction_extrapolated
Agra,1618.129526002395,1594.4791666666665,1584.8486376449946,1648.2670786498495,63.41844100485468,520.2695942732278,32.152530802559355,771.0841810764825,2956.9444444444443,815.0,43.41042898599009,67.83618823211971,391.1860804672292,44.16837767011874,1650.6837563818638,579.4863172824669,1673.7886929612462,566.795916745066,1629.5160396057668,528.7721342814676,1566.4964182141343,479.04954041869865,1557.666238830566,492.7508865188899,1564.075404162262,505.07111463792353,1562.9407979712455,499.93298534878903,1597.250539894924,504.5890108964545,1616.1626239873135,520.6165470553966,1626.4296688969723,537.671451949444,1670.811890696604,560.5067540362435,1701.7322404258425,577.6831847629115,144.06600159527648,3.05327057007959,0.009017792903564376,1.092488363684017,12.0,5.0,50.0,7.14529740208879,0.01740575069307139,0.0565491345246425,0.8622835934175657,4.8195916262527864e-88,5.0,0.0051524920722187265,0.0067608675161308085,0.040294824973432196,61.50627615062761,9.0,7.0,87.0,21.456799585559892,1.6666666666666667,20.0,3.0,0.0,0.8333333333333334
Aligarh,1611.5390548491544,1573.9212018140588,1584.490175898833,1634.9353157196545,50.44513982082131,518.530975795788,32.17613462332902,808.9481443881291,2868.098360655738,741.4893617021277,47.772200372260734,74.30258162830464,357.6598375784424,49.35089499888442,1667.5988424499144,574.6626505621388,1665.9092247619342,548.7588585536791,1632.871050406387,525.4153024142811,1544.456010426055,486.6975650750087,1551.7820979425953,498.79206071670734,1560.1263693501746,507.1176358817991,1539.0084904787843,499.9103878350173,1568.8866458861462,508.5614331359596,1596.1884782580887,516.3487355116537,1623.1755667093737,532.0295749937767,1688.1075597160095,556.5247603285952,1700.3583218043873,568.7298533558761,161.34983132560296,3.669678165441834,0.013007331691641673,1.1048401177276204,12.0,7.0,30.0,7.131973721533701,0.01471413721557703,0.057727086620399826,0.8505474600501107,1.0344133775652696e-85,5.0,0.005148416819086254,0.007107939055066348,0.04390659883823936,58.995815899581594,8.0,7.0,86.0,23.47314952471055,0.8333333333333334,20.0,1.0,0.0,0.8333333333333334
Allahabad,1577.2393895773237,1396.8036363636363,1538.5125936203742,1626.4637178754572,87.95112425508287,523.1413392725542,33.16816348422215,742.0179246698679,2863.793103448276,869.1304347826087,24.722333222541845,40.94102956134945,352.6064441887229,24.406621086568336,1564.2010517309623,573.3734849870755,1575.6490194386095,579.3546992180579,1561.5985079236953,540.5893968516098,1549.522736666626,491.7245819372487,1550.2660974871767,485.2442951287187,1565.012678633504,504.38334578906205,1558.8037887603086,504.88059983447783,1577.3701909515028,524.059768235701,1589.6619379797553,533.0092845814818,1599.0363772059611,541.6718950441584,1612.238640715063,557.8638192703374,1623.5116474347165,573.8172871987833,73.98891076809036,1.5290506614399977,0.0021252053433733153,1.0477494837715369,12.0,4.0,60.0,7.255523087417783,0.019975337504826034,0.05551841008830305,0.8963064164522344,6.299757721712049e-95,4.0,0.004417017011107836,0.004507199553268615,0.023010273541038528,70.29288702928869,76.0,18.0,34.0,19.51131948759469,50.0,20.0,13.0,0.0,2.9166666666666665
Ambedkar Nagar,1577.5523384786288,1585.233718487395,1538.1629208153324,1615.1739284775942,77.01100766226195,555.0626990752587,35.185057607061964,881.1796815408084,2814.090909090909,766.706875,37.79704627133699,58.21968073996939,417.86666666666633,39.51092254860099,1583.3376435028615,618.996708886445,1578.9220304851815,588.7072332726472,1583.567741784575,572.1393607276235,1524.460696610542,519.9051912982312,1533.7655534446947,524.7015672243052,1550.7821039641124,537.6568018829074,1535.9666676690836,545.1791316954395,1555.0962501250294,560.5405356098598,1576.6480845007875,571.56722830796,1614.4594230390815,562.6752941383502,1647.7937109746367,588.5969752096219,1645.82815564296,602.3910357546328,123.33301436409465,2.6147421942261873,0.005522569849228383,1.0809027183438122,11.0,4.0,35.0,7.766017540369897,0.009810212992229865,0.06415569849608449,0.8891837475593626,2.1778660513482403e-93,4.0,0.0057288199724478545,0.0,0.03768002032673212,48.53556485355649,17.0,10.0,75.0,22.96829377996995,25.0,20.0,12.0,0.0,4.166666666666666
Auraiya,1578.830189105664,1509.4791666666665,1548.50526028863,1608.6744483230757,60.169188034445746,525.3453706455904,33.27434288187603,844.034153875785,2945.6363636363635,864.0,39.17831889920991,61.23856361506601,327.3392857142858,40.076860850361,1610.6742122848514,590.1157450963659,1600.7758554579905,551.5073792979211,1572.816899257142,534.8429256732901,1531.6162681834958,485.9234460608877,1542.6263277646246,494.5332263502239,1544.5996442320302,500.71445685456166,1528.876841383625,494.01485677729056,1564.1622785794455,531.4802482041163,1580.3763236120428,534.3945167033,1595.041524770493,551.3332628422379,1630.28333014124,576.7072036696087,1644.1127636009871,579.780715082715,115.23592221736203,2.425286662058448,0.00531260077848271,1.0753729267774599,12.0,7.0,40.0,7.198450849667212,0.020246553797438675,0.05419368858297591,0.8635929494884048,3.3461570780557286e-88,3.0,0.004813327873196077,0.0020893279943121623,0.03694507123061019,54.39330543933054,18.0,13.0,75.0,22.71791004824673,23.75,20.0,10.0,0.0,4.166666666666666
Azamgarh,1604.4390143644969,1581.852766798419,1576.2196352942888,1627.993201766791,51.77356647250191,510.5927762707953,31.823757194849584,796.6635338345864,2894.75,757.5,41.05308740561838,63.7732015464372,467.2086956521739,42.05690861268458,1612.8561800927655,567.671180856793,1645.841676257889,568.9133637784435,1625.0119750498038,516.592574014824,1565.688841399828,481.52062631703484,1559.0336415558127,485.74026215541653,1574.512198964214,484.0283921532647,1560.337212564006,496.152489898817,1567.0247091427664,506.7215467374665,1587.3376414639283,510.0398467120441,1623.3280313003418,526.1071348632812,1655.148761855498,543.5537285331311,1677.1473027271109,556.5216272292454,118.11366117129819,2.5573539156624725,0.006457713375794097,1.0757608162024193,12.0,5.0,45.0,7.041937506559286,0.016125843042131466,0.05811462156631819,0.8663690975623773,7.580705023014382e-89,4.0,0.005743123701831593,0.008089181618593289,0.040712841515171294,64.01673640167364,10.0,7.0,85.0,20.043312543312545,2.083333333333333,20.0,3.0,0.0,0.8333333333333334
Baghpat,1672.1099932934449,1587.4676969696968,1638.5474420694516,1700.9254811682779,62.37803909882632,528.0351208141667,31.578970458404516,950.6178926767675,2935.4166666666665,824.5925925925926,27.967763271560838,46.345803508905476,399.60769230769256,28.255340786278317,1692.8711615196626,521.4428151386405,1697.392121102789,531.39659496724,1686.001437847092,544.9908420530313,1630.4855229148989,531.8921066765137,1611.6088604043584,537.5240127986293,1627.4413797563998,539.8374607453972,1635.775742953067,542.959050088427,1651.187535933802,545.2550518359013,1673.5262198947971,543.4203318782126,1688.560670435636,553.3892317564498,1720.2733433112924,547.2254263522285,1750.1959234475453,528.6749047758059,138.58706304318684,2.4919861310752567,0.006227235756743377,1.085992989023661,12.0,5.0,60.0,7.400031206561555,0.01808136148787506,0.05595798414945774,0.9074677939715661,2.7139015968244887e-97,5.0,0.004695362360715161,0.006380872728105169,0.03063834219507796,72.38493723849372,31.0,12.0,39.0,18.981765792044623,42.5,20.0,16.0,0.0,0.8333333333333334
Bahraich,1582.2481321108523,1552.1387987012986,1550.8460854408193,1609.8535645145068,59.00747907368763,514.6681710796213,32.527652309060436,784.7937712729752,2787.1666666666665,788.4736842105264,39.01801392619125,60.251710498448006,306.074315920398,40.60790359020972,1600.6066432398534,566.9535998909394,1601.1363379127915,524.7942478412142,1589.272873258042,490.1963886875239,1542.8948544203747,492.814622985929,1545.506976235467,492.6948032124083,1552.7656566159083,504.33239380354473,1535.819328029657,497.98493052831594,1557.1105589338947,527.233147907762,1585.0554689646287,536.8328323068456,1593.8842699578422,545.5820004330521,1632.1063334393107,566.2742271734983,1650.8182843224538,554.0496458222642,114.99895629279672,2.30485399716761,0.0050208980321508655,1.0748779196836467,12.0,7.0,45.0,7.135927646200034,0.01637695510163342,0.057161995510032426,0.8714497461411307,7.048493453710168e-90,5.0,0.005261234778715079,0.006066097420696304,0.037754873826048974,62.34309623430963,11.0,7.0,72.0,22.58577821979115,1.25,20.0,2.0,0.0,0.8333333333333334
Ballia,1622.3742101510109,1577.811671087533,1592.0534292765383,1659.0578750353757,67.00444575883749,498.97074858651234,30.75558927555117,780.8887199081405,2847.169811320755,800.6,32.92965050697137,53.43792341052752,386.5705128205127,32.79476353320285,1637.4705018748537,558.5336050389469,1657.1688594669672,562.5066212242717,1631.4784274687725,513.3561572818663,1587.0552753099414,468.17446581451594,1576.6538387164244,462.96191583693144,1584.661435634483,471.2465201015774,1596.0753947669002,485.5155281465604,1608.4357758072333,496.1997081776838,1619.712336610926,502.9312400447609,1633.3544407253762,512.440076583136,1653.0259231425057,524.3973785195317,1683.398312287747,547.0340275575636,106.74447357132271,2.032315852984693,0.004366508447955659,1.0677031767849718,12.0,5.0,55.00000000000001,6.9016893947225615,0.01788092814082581,0.05514603357865133,0.8999930282015971,9.739956975426875e-96,4.0,0.005101790457256501,0.004831047368633046,0.03293487050102594,71.1297071129707,54.0,7.0,59.0,22.137952327540045,23.333333333333332,20.0,7.0,0.0,0.8333333333333334
Balrampur,1572.5628823796646,1521.743271221532,1536.165839510267,1601.9885295616878,65.82269005142076,533.9898255828712,33.95665963925185,796.823238077505,2891.6326530612246,821.1033333333334,37.21575754381388,57.55389741632886,385.9845049130763,37.77012555483615,1581.915418127444,582.224560781935,1589.1820080315676,578.5184141805307,1577.5387326420116,552.5665001550723,1536.2104409001865,509.67781662942895,1533.5702072061472,501.92904788047156,1543.937342245474,518.5605519324001,1529.159373671448,507.9225647929578,1549.8038470664746,528.1729817955182,1574.244762785296,536.5411497566628,1591.9004249720128,561.2897155808347,1628.918042686261,587.9183099350641,1634.3739882216507,571.9637767023012,105.21461455020267,2.2543773949555943,0.004407611616051426,1.0688055256775406,12.0,7.0,45.0,7.421472843014698,0.013930642025174153,0.06251936273315994,0.8875437279315013,5.0329192582319165e-93,5.0,0.005340387631958824,0.005843096992390384,0.034737916555705156,61.08786610878661,24.0,6.0,78.0,20.84868110369021,17.083333333333332,20.0,5.0,0.0,4.583333333333333
Banda,1552.4973074484194,1500.8843537414966,1524.4189258701235,1594.1403826219212,69.72145675179785,515.4116801730711,33.19887755684209,785.9091861240015,2838.2258064516127,701.0,42.05923958740598,66.43908583087418,412.43055555555566,43.298067381723506,1553.1954935169574,584.6010059879703,1569.5723859651453,556.9878294598658,1555.7487796910104,501.260361426648,1578.674421286842,464.40870373811936,1569.1979739233484,476.79626910741246,1538.630778686419,492.81148971534157,1509.1832352202657,487.46481226417285,1523.4648610237396,517.2771071687173,1528.479014790525,538.9961465497089,1546.6680135177794,546.4268806094766,1567.33757027934,564.7078086517222,1589.8151614796632,576.6523684289883,80.63192625939746,1.553897775047591,0.0021907765746210207,1.0534275258150672,12.0,7.0,35.0,7.062051547238537,0.017702913404913454,0.0639603193143945,0.8433331693526378,2.7828743915548902e-84,5.0,0.005889609538001381,0.006788921709490525,0.04047550041409571,58.995815899581594,14.0,7.0,70.0,27.2253064758726,26.25,20.0,11.0,0.0,0.8333333333333334
Bara Banki,1581.7004457241967,1530.4642857142856,1541.0130693771785,1619.4233427336044,78.4102733564262,525.7828493975713,33.241619854057554,814.9758403361341,2834.0625,770.0,38.152669763871145,57.89101995385054,358.9488636363635,39.48014100464401,1581.1309428646068,578.6571668787436,1593.9124591121167,567.1853760003117,1596.1049792619883,553.3768703023514,1535.8831777597402,505.51032489732785,1538.1215536482466,496.18539142722256,1548.0192148726362,516.2552218609408,1547.7358567648357,509.025349083565,1555.977796023421,517.6782565521744,1596.1551010810203,528.304517725029,1609.38557555598,540.5280975030198,1630.677858754526,560.2792183284611,1647.3008329912423,564.2097679988731,111.41765523150207,2.3333103141064493,0.004926978240389476,1.0725430533030627,12.0,4.0,45.0,7.2794535156974325,0.019818455546427482,0.058280254190692826,0.8832083830865919,2.9765147901390185e-92,4.0,0.005505281788970275,0.002347810942607609,0.039402376844797096,61.50627615062761,15.0,8.0,76.0,22.024606361955758,12.083333333333334,20.0,7.0,0.0,0.8333333333333334
Bareilly,1606.5001851184347,1622.1875,1572.0477349812043,1652.4775173499027,80.42978236869803,507.2559703184136,31.57522015977966,797.0178776778776,2796.9545454545455,753.5416666666666,34.43244896222024,54.42372585413901,449.1340579710145,34.598560928941595,1626.1297933211217,548.5710205373315,1619.1432752464927,557.4555390898933,1585.3906030927724,516.3605151485428,1547.171094155371,496.22321854470476,1543.8626961116443,502.3265924222056,1558.0827093073376,503.78142654616,1588.0453904436636,486.99043236146366,1607.8650116990143,490.50455871094823,1621.5035953526615,505.3424715008378,1625.2049092910297,518.0858216056488,1667.1861508532281,537.4706690818945,1688.4169925468796,540.6724667742793,144.5542964352353,2.789400237762003,0.007804209017028223,1.0936315753980637,12.0,5.0,50.0,7.075541094742391,0.014157830720183624,0.05687052754278055,0.8906982860102796,8.306682906889847e-94,4.0,0.004897444865058324,0.004975124378109541,0.03426999499582118,60.66945606694561,33.0,15.0,63.0,19.96164552657103,35.833333333333336,20.0,12.0,0.0,0.8333333333333334
Basti,1586.2993089609542,1568.2954545454545,1531.767848535233,1614.3796478827455,82.61179934751226,521.5017344776497,32.87536794170577,860.7045914611706,2860.681818181818,794.6153846153846,35.479728098077956,56.53478566066987,461.4423076923076,35.60949420462843,1601.477104787375,563.7319311054034,1608.3954781826678,572.5483823375389,1583.5390282387966,539.758012497759,1545.1054726802695,500.5788809233935,1546.1591610804505,496.233888637964,1552.7311232845914,509.8878608637224,1537.9390376947615,515.3467118304334,1553.9206910172843,512.2039661847389,1581.5707248192946,516.0392725216825,1621.5990571253374,537.9237978571451,1646.7234967841719,553.3703089894384,1656.4313318364498,564.0019653842515,118.49229414168826,2.5773055049128755,0.006145971732258502,1.077046158031919,12.0,7.0,40.0,7.228263337086375,0.015923876116709805,0.058391512455847394,0.8884510315992145,2.5553788085309287e-93,4.0,0.005187903955730194,0.004270109235352537,0.035225182907793154,69.0376569037657,19.0,5.0,59.0,19.09985935302391,15.0,20.0,8.0,0.0,0.8333333333333334
Bijnor,1659.1954633026114,1605.1817424242424,1610.1904293974553,1714.7857188377354,104.59528944027988,478.7170396426324,28.852359485708277,534.9947158218126,2921.4285714285716,806.3636363636364,41.748272268589076,67.81068916286765,431.840909090909,43.21942663616182,1689.3470783608286,524.7675840341523,1699.8611228294303,535.3725950347233,1690.8889562281706,480.23644896405744,1608.4568682893514,446.57521700498467,1578.8084863666354,465.8050819762918,1603.7932756311254,472.99848408788887,1606.520842901014,476.6293698990213,1628.9847179283179,471.89794241800894,1651.6004930824445,470.1137135106728,1686.5928015303584,484.4386340080753,1718.135860608428,498.39470956363823,1747.3550558752318,512.7745152518634,168.54656950859635,3.220873176939248,0.012461909126885391,1.106755550761244,12.0,5.0,50.0,6.447839422776504,0.013899204902168272,0.05754599133547633,0.8312788803272544,5.914762811178333e-82,4.0,0.005454097551534534,0.0048146301786793355,0.040262598155674845,71.54811715481172,31.0,6.0,66.0,22.357060252724043,34.166666666666664,20.0,12.0,0.0,0.8333333333333334
Budaun,1579.8371236337532,1525.625,1550.3735431684045,1609.4061988245492,59.032655656144506,519.452534882896,32.88013220553478,764.1294010025067,2860.5072463768115,743.68,37.67480620410689,58.32414190569451,422.5189465706708,38.27508439012264,1602.055689623178,565.9908418936642,1613.4999060515233,570.4934324710528,1586.044480555233,530.8178770403764,1518.6310769488564,508.3500218775783,1517.7897861545212,509.73519615424016,1538.9115187172415,510.09910455092813,1547.1480213217133,492.572876842754,1564.620526683149,494.1570505086738,1579.4196948947542,514.7317582535134,1602.8464929831648,529.7275108187756,1635.6130381915218,553.1396887081257,1651.4652514801824,572.456365700387,133.6754653256612,2.766174768527364,0.007077699521480308,1.0880724501805628,12.0,5.0,40.0,7.208329134248468,0.019022194709448745,0.05885720077386147,0.8909461804121566,7.277486912307741e-94,4.0,0.005236665713348374,0.008521309864272686,0.03786591182447512,61.08786610878661,16.0,11.0,78.0,19.31229571094374,20.0,20.0,9.0,0.0,0.8333333333333334
Bulandshahr,1620.22881201705,1589.2857142857142,1600.5575736132605,1638.2205432292797,37.66296961601875,516.6151181986388,31.885318565313998,803.5615851097086,2899.0495049504952,751.84,41.811550239731176,65.26093214345202,355.02600749765725,42.753223374311865,1664.5222097933063,562.3504396462375,1650.7988829115122,536.8569781184403,1628.2594305862335,521.9051086055978,1549.3135262856727,496.4522652601754,1551.5468884736379,499.0759323460353,1566.3871163487356,505.00204904142794,1566.970970860269,508.663312581881,1597.2163884879958,519.7918155978028,1612.2529292658016,520.0366048883889,1651.0741670117393,536.4808492467936,1695.3148931421074,547.286850583838,1709.0883410375889,554.8181747837475,159.7748147519162,3.40710678188614,0.011417998173772247,1.1031261988236563,12.0,4.0,45.0,7.160392535346916,0.015359483151474342,0.05745697226496249,0.8739800565224652,2.155273763433973e-90,5.0,0.0051272710976300526,0.005850384408040643,0.03963625078844343,59.83263598326359,9.0,8.0,91.0,22.75677336988681,0.8333333333333334,20.0,1.0,0.0,0.8333333333333334
Chandauli,1612.9223658699977,1559.3518518518517,1589.2729340141282,1633.0479449037086,43.775010889580194,508.1487265547998,31.504847183435785,758.2065217391305,2941.590909090909,853.6666666666666,38.24061556247298,62.09681190089476,409.9363636363637,38.60272413944129,1630.8614730023303,570.2343060505457,1649.570879834147,571.1227250414494,1620.5653660338198,519.7117875241393,1573.0841337423565,469.22519582106344,1561.1493544743241,471.2607179186431,1567.057375311407,478.61482358461024,1573.3265671365673,490.97902954638687,1586.2019675764345,502.1726041542224,1616.3697708990355,512.9909977588826,1635.5115845869364,527.2192718224752,1652.0718650496783,537.6093663428503,1689.2980527929353,559.1847708560251,128.1486983186112,2.5263436729461146,0.006430283266026186,1.0820861232471648,12.0,5.0,35.0,7.019388005252471,0.018382476533936338,0.05730694769990041,0.8789898695693991,2.4145167703495308e-91,5.0,0.005205575074139746,0.0057611959785872635,0.0330443481608071,59.41422594142259,12.0,9.0,54.0,21.772883688919485,23.333333333333332,20.0,11.0,0.0,2.9166666666666665
Chitrakoot,1598.794217983654,1464.5946147186146,1559.6823594128384,1635.8271767461342,76.14481733329596,475.371442273757,29.733122432308996,656.5406836334957,2871.0,960.5138888888888,30.64295396224026,49.40609250961365,411.20000000000005,30.863308072573684,1604.207362534818,539.8732267299367,1591.381208687287,512.4628745361885,1577.0684369032103,485.7309714264989,1598.6430403789607,455.99523649460815,1596.0108444674424,444.72029598121946,1589.758122939825,444.84348534443404,1562.4962207050069,443.41160115239694,1579.946549696469,468.68170957380175,1587.4768842767342,480.6106796637869,1613.1330437711947,492.8335942039531,1640.8960244109426,524.4262899836614,1644.512877031962,526.2388922238894,82.01665632695517,1.5221770935843484,0.002620893212253598,1.0524907870112792,12.0,7.0,55.00000000000001,6.3982995560718,0.023225687596607713,0.05238467017733717,0.8759829167624882,8.522278982264851e-91,5.0,0.004554030769427732,0.004926098526218725,0.03355894795848043,71.54811715481172,92.0,15.0,54.0,25.01207457256011,43.75,20.0,13.0,0.0,0.8333333333333334
Deoria,1599.144593576531,1585.122767857143,1587.127608393752,1610.3570904999806,23.229482106228726,504.2335630258105,31.531455320001946,750.8514312770562,2875.0,768.2352941176471,36.87233176472977,56.615356956331354,480.42540792540785,38.29612290133767,1604.8044325405788,549.6005325094806,1620.733231976486,564.8775879496851,1599.7975086369747,505.9497255902247,1567.510012282018,504.91518264875015,1575.1666729486938,500.61966628150606,1567.8273791548174,488.6624741766055,1554.2000640418894,489.87549683723404,1564.7885685130443,494.8825083112112,1588.2810883595123,495.43782735013303,1625.1719110634676,512.4092468553761,1651.5728494724015,526.4480541031405,1669.8814039284903,539.5318935099131,115.68133988660088,2.2940006669184414,0.0052929653131283845,1.0744314342554826,12.0,7.0,50.0,6.991813793599873,0.014788281305732488,0.061632035378737404,0.8855180157950848,9.732000188135399e-93,6.0,0.005639917118843461,0.005805770584095704,0.035803187951046034,63.59832635983263,11.0,14.0,65.0,20.252715857787816,11.25,20.0,7.0,0.0,0.8333333333333334
Etah,1583.7383716055483,1540.5525846702317,1547.3048184717152,1615.4255437385198,68.12072526680501,509.27969375295925,32.156807139595045,811.4731206293711,2811.9310344827586,729.1176470588235,43.89225409751059,68.14909833341034,307.37428571428586,45.09737950540005,1611.2893833270648,557.8293057157688,1617.3328680356603,542.0365579189739,1589.843448358854,512.4276613420612,1538.8397308400822,498.0258135108346,1536.5916561702568,502.97810506419506,1548.5484431728958,502.3130829638776,1528.533716945454,494.0350675992989,1547.7281220477148,492.9661249547796,1570.260069455578,509.68212683186505,1592.9367105352396,525.8462422340209,1647.1808550843605,536.6454240553086,1675.7754552934202,551.8075167836272,147.24173834796625,2.980414987442138,0.008590286239870851,1.0963287474235157,12.0,7.0,45.0,7.007357967915388,0.014935339432300724,0.05871594875362529,0.8502885448456201,1.1556986824019385e-85,5.0,0.005559675665768166,0.007807128440570521,0.043278431793411135,61.92468619246861,10.0,6.0,86.0,23.33081057506061,2.083333333333333,20.0,2.0,0.0,0.8333333333333334
Etawah,1592.0931241193693,1546.6086424468776,1560.680657223808,1616.9337225078148,56.25306528400655,523.5721384872224,32.88577348619759,817.264492753623,2930.7246376811595,749.421052631579,42.405760365888554,66.01477908670637,409.47003079838896,43.78342224281208,1629.6394387524947,579.5798969097954,1617.8955331024072,558.7626058924174,1589.8472779269289,536.9055880546035,1545.3816958389082,486.8296701530496,1552.1063516286208,495.0877787260569,1554.0777556965884,502.0476282029688,1532.968487610079,498.16927772946866,1568.094561100253,517.8004834386606,1591.9450408254982,530.333321657183,1608.5030725219049,546.273118261007,1651.3865954219323,579.5418968684794,1663.2716790068157,569.6973564339273,130.3031913967368,2.6935779446039145,0.006708771073216867,1.0850005674936485,12.0,7.0,25.0,7.182976085585771,0.017267329334404866,0.058294562863153265,0.8557281598956885,9.721372499572333e-87,4.0,0.005276748237772717,0.00461990760184805,0.04070276075488328,57.32217573221757,14.0,11.0,79.0,23.108327380728593,16.25,20.0,8.0,0.0,0.8333333333333334
Faizabad,1602.5134716601037,1551.693722943723,1572.8178052102637,1626.8601823158833,54.04237710561975,522.5061001146664,32.60541077220292,799.4318910256411,2821.195652173913,788.0,42.36606853791919,65.31947966781865,382.2222222222226,43.96413994667348,1619.8039721764578,584.64241859077,1630.1627235475876,538.4916481962417,1625.9045202438463,532.9456512803399,1546.1017368713794,490.8226863693352,1555.5175561616322,497.5812869026309,1565.6798859121184,502.0017025407581,1553.6759175275554,506.3759270485943,1575.0658847420696,522.800668991707,1599.1658820458651,527.143140491618,1622.0672169991208,547.4825302875188,1659.8269837217345,567.8710607790467,1677.18937997188,571.1612578568769,131.0876431005006,2.7103621818679553,0.006909956381465919,1.0847859102504882,12.0,4.0,45.0,7.215914633733248,0.01688206768177047,0.057866093589863166,0.8681127159361544,3.384286677235525e-89,5.0,0.005314807304117548,0.0054167185748099644,0.03947792400193437,58.15899581589959,8.0,8.0,81.0,23.212858855088186,0.8333333333333334,20.0,1.0,0.0,0.8333333333333334
Farrukhabad,1586.608770789371,1569.9122807017543,1563.27327294488,1610.254396384269,46.981123439388966,525.8026753375758,33.140033322517056,798.3271104957921,2869.5945945945946,736.6666666666666,40.19317474855624,63.98212814701676,377.87974683544326,41.1899220120514,1579.3970169507834,603.7827795311972,1579.4364213899273,572.0840374543985,1562.6927545038363,542.0370478947133,1532.6728693609268,505.18962204297765,1544.8822343792724,495.45285554609626,1558.0882731023598,496.7042801520553,1558.6235319394973,498.2987024247138,1580.8809542035888,518.6941658834629,1601.1558944042213,519.9162008555625,1619.3363065112894,534.5128033253486,1666.626988338055,563.8964877476067,1655.512004388691,576.9652819780786,133.95411897712825,2.6460839038031416,0.006375310487013726,1.0873990279693426,11.0,4.0,30.0,7.23553754968843,0.019024012370791425,0.05850581145400824,0.8761615856606887,7.730514914144337e-91,4.0,0.005282632744454504,0.0054095196672738766,0.04027604978295632,59.83263598326359,20.0,7.0,76.0,24.784172661870507,26.25,20.0,9.0,0.0,0.8333333333333334
Fatehpur,1573.150886718798,1523.958736299162,1535.5053034435816,1603.5768376306944,68.0715341871128,498.5994293094232,31.69431702443863,764.3227663470168,2730.4766355140187,914.875,34.86692453447253,55.809768219280244,252.1826068376065,35.57018543001028,1579.8773340387818,534.6314218874729,1589.8750789227565,519.9510967889246,1569.7784954616868,497.9074915547235,1542.2481528205385,474.45640773272214,1550.51658941004,471.5039335681659,1565.1715361582126,476.84676815273815,1545.3205335660168,480.64749136332875,1553.40813818725,512.0256067228557,1565.874497835125,529.1536882122969,1582.249203900798,521.3089241073764,1615.5911569895527,537.5563317040804,1617.8999233348147,554.0585201544054,75.65177051427622,1.6002195369230452,0.0025491555756694847,1.049052916922559,12.0,4.0,40.0,6.8738742228627014,0.021197771544734918,0.05382098174211136,0.8677798976496351,4.850408043193436e-89,4.0,0.00492614211078918,0.004867872044506116,0.037860375860776736,64.01673640167364,25.0,10.0,65.0,19.77623504617863,25.833333333333336,20.0,10.0,0.0,4.166666666666666
Firozabad,1623.0224006208746,1575.1612903225805,1597.6674951872858,1643.7549650168964,46.087469829610974,541.0523968322819,33.336101622830746,831.6875,3059.1304347826085,767.5,46.858297247846004,73.28609308688814,511.190629011553,47.695107524806254,1664.321285440219,611.2441194644363,1666.7002619375344,583.781877952115,1648.5790622901993,562.4026124306794,1563.0565977277895,495.54350373340367,1555.3701877566677,506.0055465444324,1561.2758569810321,513.3251422003096,1555.748647841564,513.1569410354159,1595.5053482172837,532.672146240845,1625.1687152470208,544.4333173353087,1643.5770039472034,562.2255927866792,1691.2323296808831,584.0806815259439,1705.7335103831006,592.0856712476282,150.36332262643282,3.397924083060116,0.010389573514323637,1.0966736560916754,12.0,5.0,35.0,7.413426979997119,0.019528493629141757,0.05852503108083096,0.8607793599093196,9.753186525485235e-88,4.0,0.005382242529639596,0.007383306219496788,0.04340129042252259,61.92468619246861,16.0,10.0,85.0,24.122427736005005,9.583333333333334,20.0,7.0,0.0,0.8333333333333334
Gautam Buddha Nagar,1725.5074447169452,1628.35,1682.1970290781112,1787.0458492824548,104.8488202043434,441.05122937532934,25.56066800671961,512.6113636363634,2868.875,1034.2,31.221686896741065,52.93016941809144,383.7880184331798,31.245547506786078,1747.3812536648215,501.90334547547457,1736.027569990502,482.11066753845734,1725.34431295381,460.2616350276755,1684.1854790374302,405.55360753456176,1675.0259187357194,396.1396576179668,1687.5876317692685,408.52988615357333,1694.8950672519163,413.21897328100846,1712.47512872362,424.4871848421421,1737.0035575953339,440.72154304206657,1757.9651513155509,454.90879156874877,1770.2010358746436,488.5206341964975,1777.9972296907267,507.6024513013463,102.97131095500731,2.0173158427813216,0.0062287858434935455,1.0614744582774744,12.0,5.0,60.0,5.399818109062639,0.03984576606476623,0.025170167500324858,0.7242970804685142,1.4299349401208996e-62,6.0,0.002380910013824238,0.0024165835273251,0.03022842195134115,60.66945606694561,28.0,13.0,57.0,39.16470588235294,40.416666666666664,20.0,13.0,0.0,4.583333333333333
Ghaziabad,1637.231371509962,1500.0,1600.4692222205276,1676.4881225200313,76.01890029950361,519.3583621749784,31.721745088233444,796.88085106383,2900.089285714286,757.8571428571429,35.75247733733349,57.61350813515014,396.96923076923076,36.30700175175503,1665.0552785862292,571.4368942617854,1658.6268697563828,559.2803559211742,1640.7733164026909,532.4433765382537,1582.5517261902116,503.43502226421816,1571.561477089334,483.93395428795964,1587.6326304159052,503.369120275549,1595.3849354566821,505.58973411030064,1628.4971836846453,512.997290229239,1643.0104967279017,526.1286130116574,1656.6010539701952,540.0067828906277,1697.299953618442,551.5971145739511,1719.7815362209262,559.2246100289932,148.22005913159228,2.83304214713323,0.007976124593474618,1.094313879089292,12.0,5.0,40.0,7.1920049917111495,0.018647384120261824,0.05630737790727314,0.8827283236920839,3.6271455644736864e-92,5.0,0.004909190944477091,0.005305383022774501,0.036047858266624724,64.85355648535564,20.0,13.0,59.0,22.242046053788016,19.166666666666668,20.0,7.0,0.0,0.8333333333333334
Ghazipur,1625.811582404214,1573.1828125,1601.2401628446341,1651.1101123954431,49.869949550809345,503.10815789898487,30.945046974939107,765.6293402777776,2954.1666666666665,844.0909090909091,39.27638770156016,62.62309817430719,421.0357142857142,39.50027201049185,1646.5508536768398,554.6505951827847,1673.14572880253,561.7734511943196,1652.0258989037927,514.1576240209373,1587.1168802031411,464.79662872285155,1559.906945840952,472.84089011127145,1575.3620939870186,485.47317883898137,1589.7017376155877,489.9843677309666,1596.6181587138824,500.3646007086689,1620.1399450889178,510.87722695889374,1634.2910967453047,516.6516742276291,1666.4838550771979,530.8882101587669,1708.3957941954025,545.1557200256769,148.4888483544505,2.7804513843558105,0.008073248475846744,1.0951908373447234,12.0,5.0,50.0,6.934933730573189,0.017713774441879798,0.055765410332236476,0.880725310643293,9.238398519431271e-92,4.0,0.005051278245335147,0.007863536099092183,0.034426597295157166,66.10878661087865,14.0,7.0,78.0,22.07679280099087,0.8333333333333334,20.0,1.0,0.0,0.8333333333333334
Gonda,1595.8768152460862,1529.1455538996522,1571.416141744154,1633.7844729932006,62.368331249046975,525.5949043023431,32.93455354956678,795.8268229166667,2971.7021276595747,886.9230769230769,40.453801389484234,62.42948689114014,355.4956521739132,41.0060977491004,1609.446473749527,580.2776780211568,1622.7628375791805,568.4456027238496,1605.8283756777755,532.9187271859338,1547.405853647941,490.4398534154835,1553.8381381684899,485.7878012975749,1564.607978474419,498.5863689071592,1547.2298098370857,504.2997854545814,1574.4170372264066,522.417550786874,1600.4633708496444,541.1108341841461,1618.3724580204157,558.7223283400891,1641.9855472238087,573.0931076841763,1664.1639024983422,572.9097357098893,116.9340926612565,2.4079489106402603,0.005345532511064212,1.0755764217557113,12.0,7.0,45.0,7.231595097316218,0.02018105256405062,0.05560588156737811,0.8673335720777858,6.45392721074585e-89,4.0,0.004951161357881848,0.0027805757302654666,0.03642130730711391,56.48535564853556,10.0,11.0,70.0,19.397199477535437,7.083333333333333,20.0,5.0,0.0,4.583333333333333
Gorakhpur,1585.5764888417032,1587.5404040404042,1554.1063377467194,1614.3906072847103,60.28426953799092,508.92703042918714,32.09728663427451,842.2256986978541,2744.21875,808.4444444444445,35.32012038428298,54.16922702448215,447.9850746268662,36.71360961079039,1585.4199725316914,541.3021725038308,1604.4351348752095,543.6012703117316,1587.8086310360657,510.21740690878414,1544.3599652158982,496.62230233633016,1544.7824974915288,502.1379975060936,1548.3843516737868,501.0756790658201,1553.0690916174547,505.90451653201325,1559.351835879626,506.2472063618244,1580.2514357192429,508.29214885191914,1615.979950330213,528.4542780670131,1645.5017903475286,543.4439957645913,1657.5732093821923,544.7142582408785,113.21324416629409,2.4484467850878033,0.005818950967720959,1.0733075492218338,12.0,4.0,45.0,7.065404877400176,0.014236381605869234,0.05687711800414874,0.8831775786855889,2.9775832224861156e-92,4.0,0.005225442749271057,0.0051570039156245695,0.03443553800534074,68.6192468619247,25.0,5.0,78.0,18.845307870179568,13.750000000000002,20.0,4.0,0.0,0.8333333333333334
Hamirpur,1536.431259369903,1451.3213885778275,1492.6478223857598,1560.2519950358555,67.60417265009558,518.5793047708135,33.75219695695888,796.8492127436002,2864.0425531914893,881.23,40.79957063406648,64.069321870917,388.77272727272725,41.431294653850074,1560.248009610676,587.038338505914,1554.024638958965,544.3686159344788,1516.726837133223,500.65145188306366,1535.049056071344,488.4880766872277,1541.7311390122074,489.1096681900863,1529.5021773524581,484.824633542768,1496.146173271935,483.45292754364044,1507.150037036268,514.9207255516246,1512.5107804733811,528.3900261738697,1527.6956782274963,552.6471879036848,1570.3462217237006,589.3521389120301,1586.0443635671813,582.1943722338659,89.89819029524642,1.7643726655354088,0.0027326030480660465,1.060086502175551,12.0,7.0,35.0,7.093373914369565,0.02159213044066872,0.05735356310632067,0.8667290078867341,9.702938873147865e-89,4.0,0.005127765175340641,0.0036002789589371087,0.04129704686252569,62.76150627615063,38.0,12.0,63.0,25.431258943351757,30.0,20.0,10.0,0.0,5.416666666666667
Hardoi,1574.551852955238,1552.8957659115426,1548.966023927055,1597.9036167985294,48.93759287147468,520.7842473534794,33.07507760865621,839.9485192958459,2854.245283018868,871.33,33.28815137905065,52.88398783923004,387.1182622687047,33.847221801709786,1583.4190109997185,577.3960067876442,1592.8338674243691,574.8146423620159,1574.742138976511,546.3968478001372,1525.021784582548,484.1634056049705,1538.4631150746895,486.92413058871665,1549.6105097513348,497.6095949749351,1541.3858390696212,498.8067726462159,1562.5365229197741,512.7069563876292,1583.3693135439473,527.8020591780399,1593.2834286908355,536.1154410148855,1617.511309732583,559.6348663152929,1632.445394696925,571.8439540641809,107.42361011437697,2.067805723706144,0.003908568453231676,1.0704407053068967,12.0,4.0,35.0,7.207540373403304,0.016100800918113254,0.058252691006409396,0.880357365010196,1.3133156973208131e-91,3.0,0.0048913423266427605,0.0059184203355178155,0.03070668555639994,64.01673640167364,12.0,18.0,68.0,19.003554517910302,24.583333333333332,20.0,7.0,0.0,3.75
Jalaun,1539.9241645411016,1493.8129720853858,1512.8522296397684,1561.2811062694193,48.42887662965083,532.5906916333674,34.58551426732626,885.0060763888887,2912.1916666666666,842.91,40.22681057455709,61.82577284795887,387.18181818181824,41.73644402650515,1583.2043187943714,612.2064487944662,1561.2043528441154,562.805528808394,1507.3272849730279,521.719146520415,1503.1328336165132,509.9961363238799,1519.1791957993937,514.9762050565258,1497.8728804531288,503.896704446356,1490.558045153,497.0084175183663,1524.0184298675426,528.5179348817838,1539.357599325324,534.1895771402804,1556.041633925922,557.7712254608542,1591.395735255353,585.1518623725738,1605.797664485525,584.9116153297924,115.23961933252508,2.543812874935629,0.0054098079351947125,1.0773130705692822,12.0,7.0,35.0,7.295379724841115,0.01962319143280992,0.05846965913272273,0.8825656303614675,5.05567749600762e-92,3.0,0.00514636801407494,0.006374997405469873,0.039993205832120376,74.05857740585773,34.0,4.0,58.0,27.65030805859052,45.83333333333333,20.0,13.0,0.0,4.166666666666666
Jaunpur,1625.2726993024048,1569.2238384715588,1592.0097011847756,1659.2603571825755,67.25065599780012,504.4652720583214,31.03880796587838,735.6128787878788,2922.720588235294,767.7083333333334,35.14255821113468,56.37317362802106,408.06778153353525,35.03411964293296,1634.7442206269816,568.4859525702315,1651.2066913828523,575.9108791915958,1635.3894979006513,525.522435349881,1585.2916044492663,475.1271983178689,1577.0541171394989,466.5818021878648,1590.5071831523685,479.66420107443093,1596.0005867694044,489.68910357654005,1602.5403679986416,495.1066295067244,1619.646060186575,498.59442220331334,1638.7435005142568,515.7637603438077,1661.702426347947,530.5117078341314,1710.4461351604145,546.4587434018608,133.39201802091566,2.3586718886977547,0.00577464105417485,1.084583031470642,12.0,5.0,65.0,6.971761268812761,0.017265870803017516,0.05618911828679107,0.9074361467660613,2.714929998044682e-97,4.0,0.005257898192681619,0.005664188469845177,0.03532830607051077,74.05857740585773,61.0,6.0,50.0,21.78732133403917,22.916666666666664,20.0,7.0,0.0,0.8333333333333334
Jhansi,1573.402978511656,1454.8488095238095,1525.7226496236249,1612.7874631696363,87.06481354601141,516.4550165073251,32.82407771948292,783.5258076235191,2903.9423076923076,857.8205128205128,37.238153908850435,58.523547995395205,406.50879917184284,37.783479141666234,1583.7910394307673,551.8348493231232,1590.3423261995172,565.7430429618589,1544.72926813245,519.972330651401,1548.4736365280023,501.2165680969898,1559.043550375612,500.6022634024244,1559.04690993952,509.73167774680155,1536.1041317477234,490.4538197957165,1559.742492245224,513.5652758336349,1574.4679921441052,525.082096666479,1583.7937566299931,540.2623443916463,1612.9300696116982,550.2030031445647,1628.3705691552598,561.1971035041521,92.26643740753639,1.7689791517384221,0.002904426326176273,1.0600652231190597,12.0,7.0,45.0,6.965644744550108,0.028547853993507268,0.04519307924316274,0.8149421338962459,1.1270731758574748e-78,4.0,0.004108160345580157,0.0018695699989004222,0.03844523873903225,59.83263598326359,28.0,6.0,76.0,24.0306556911723,21.666666666666668,20.0,8.0,0.0,5.416666666666667
Jyotiba Phule Nagar,1615.2933555791121,1599.5588235294117,1594.7904632480302,1633.9807280602117,39.19026481218171,464.28110884662084,28.74283530251801,680.1499407123374,2824.464285714286,746.625,28.614727757452737,44.45359893276022,371.9642857142858,29.07652111156944,1605.943460537561,475.9093178500828,1631.8956044102945,459.2786908295208,1632.8371909540763,472.841301427357,1587.8818830902742,459.8127965529736,1583.1260862698134,461.45771016353916,1583.2151873900034,476.54374003090606,1573.9885685515364,483.21996183244636,1593.1393856960124,481.36347225609046,1622.111225293492,472.73742431941355,1641.3926493633396,482.7051934800721,1658.0123719739545,483.6918149986201,1669.9766534189905,481.1833986104156,95.98808486745406,1.9776925301706716,0.004734327897077377,1.0609839784006736,12.0,7.0,40.0,6.522638291839042,0.011037392670756586,0.056529714990170454,0.8982364167437664,2.954795021742316e-95,6.0,0.00494204991239517,0.001784298176050747,0.030364810979603776,55.64853556485355,21.0,13.0,54.0,21.484185406892077,27.500000000000004,20.0,10.0,0.0,0.8333333333333334
Kannauj,1595.1811239596339,1563.0125,1563.2081039166947,1623.4943169611643,60.286213044469555,518.7196328477517,32.517914427181864,812.6278409090908,2880.0,871.3133333333334,30.940951557817005,50.40639558786828,386.96641156462556,31.21210443571736,1596.8658457833374,579.6459515899364,1603.9876072994543,572.967163467841,1577.6988739925098,539.3772250887928,1560.2881934420038,490.53951731670264,1563.981677373397,486.67513566524394,1571.958024164293,492.4416531771924,1559.9510576377547,491.7844107321429,1574.811224303683,510.820717349522,1608.1546925111568,514.7774283131301,1616.3730215268192,534.9952266523471,1650.6583067642737,559.4049159168292,1657.444962716922,574.0172392323248,97.49390507916723,2.1000332998080276,0.004170681205311995,1.0624980537702273,12.0,7.0,45.0,7.20194588527665,0.012335863854019377,0.05902190337487401,0.9060766551191459,8.290034481997896e-97,5.0,0.004910216988583182,0.0027836345976168797,0.030017063659520185,64.85355648535564,26.0,9.0,53.0,19.852931777269877,38.333333333333336,20.0,11.0,0.0,5.416666666666667
Kanpur Dehat,1537.8235139309375,1399.353377039627,1505.3553092863847,1568.8734909889536,63.51818170256904,532.4932193155462,34.62641938374341,781.3880794582067,2913.5416666666665,758.3333333333334,41.691997210923134,68.66445950557531,433.9615384615381,41.87280889159874,1548.410821104435,581.991789978618,1553.6124396103628,578.4269056030311,1530.6446157823768,542.5452034366197,1475.5724624843176,523.5734027206832,1482.190665302613,526.3393665981974,1489.358851094451,529.7801938885691,1481.8881186222238,521.1689472708108,1539.4152078467478,518.4109391622314,1565.4154906318663,525.0735633547386,1583.8579217427646,539.1055042749751,1597.8715925069023,560.389746209886,1605.6439804421916,566.8521459830566,130.071517957874,3.034184302442396,0.00767836485616911,1.0881498681121236,12.0,4.0,35.0,7.2700194060546846,0.02465724498704201,0.06041717854823303,0.8628517674582019,3.786858714169887e-88,5.0,0.005210256300411605,0.005432539214530019,0.04297608556895657,60.66945606694561,15.0,9.0,59.0,22.33375544808259,30.833333333333336,20.0,12.0,0.0,1.6666666666666667
Kanpur Nagar,1564.8986753577265,1485.5288285024155,1532.3299240843548,1595.2596042007797,62.929680116425075,521.5127966737965,33.32565902738603,770.3891878834966,2875.9411764705883,834.5,47.43585388994961,73.42172340298022,415.51230994152024,49.617248819302866,1533.0429920076028,588.6762939712909,1539.2115068697326,569.9410405179681,1523.9768907150908,541.9071641920633,1519.644486176533,492.5390816780851,1524.6823295573931,498.77446214435946,1509.6958685268032,517.4309308822496,1512.9593393605337,506.1222838487506,1576.0066460222195,514.6750369028648,1616.3155999158778,511.9151889529833,1612.1072741777061,525.4157566477008,1651.5596526873724,545.701116506175,1659.58151827585,551.3934231592053,149.8856497490467,3.5646959166053005,0.011441619062720997,1.099282016248285,12.0,6.0,25.0,7.068672356393233,0.02684396693446953,0.056225280170819625,0.8527293977527021,3.812975087165099e-86,5.0,0.0057916922022900235,0.005756010077287543,0.050079781030148554,58.995815899581594,8.0,9.0,101.0,27.992486360939406,4.166666666666666,20.0,4.0,0.0,0.8333333333333334
Kanshiram Nagar,1578.1472168385599,1548.75,1538.3501668156969,1612.1880169790436,73.83785016334679,497.777562155117,31.541896525489882,816.5677010489512,2740.0,732.7083333333334,38.542049532115406,58.577397686161405,390.1136363636365,39.65094796443011,1592.4410117591747,528.0188825691071,1607.2441001317522,527.5557010100331,1579.6939765621487,489.5333416681285,1539.5497816422708,492.609200708153,1552.5908003385503,505.25964178813837,1551.4751324786325,502.9968892813316,1530.180040010608,493.43706403131006,1545.6123758364909,497.09454940953,1568.0232145354644,505.1599231846205,1587.8136996336996,510.1745643650077,1631.9866199368266,513.8000607815525,1651.155849197099,531.5714161046465,120.975809186491,2.393279916219732,0.005757200935817252,1.0790598531043787,12.0,7.0,40.0,6.906480528851487,0.010817011952489118,0.0559985429417269,0.8668134501968884,7.738943854719924e-89,4.0,0.00515847640723779,0.0025739554742298942,0.03914885179667378,60.25104602510461,10.0,6.0,79.0,22.396125772038182,9.166666666666666,20.0,5.0,0.0,3.3333333333333335
Kaushambi,1514.2943686066972,1287.5445833333333,1447.4692178163532,1578.9416854818944,131.47246766554105,556.8669837434387,36.774024607633734,786.6883854166667,2846.714285714286,800.0,25.12867679110739,40.61301055077638,383.0,25.339930555659162,1504.1706038376021,608.2154700526382,1509.5568013716356,609.4823031602708,1503.0323414351853,580.6287004231455,1478.128639601929,522.5608984767906,1483.1910732332826,518.2393074397285,1490.127017836588,532.6447268566309,1489.1978263164137,534.0240976710074,1509.2699468976791,552.8482693927261,1523.217119205221,565.295748905225,1541.5894385066365,582.7246904220425,1560.6959101319876,599.7402767023295,1579.355704906205,612.9208599911572,101.22706530427581,2.0861005024977746,0.0032180154931831973,1.0684832582173207,12.0,4.0,65.0,7.709073243069319,0.023927143888030605,0.06375536660780035,0.9153076280816661,7.403296836152405e-99,4.0,0.005151028600480614,0.003666666666666707,0.023806425523218596,73.22175732217573,96.0,12.0,34.0,20.727522306108447,55.41666666666667,20.0,17.0,0.0,3.75
Kheri,1579.1718963108865,1568.6423849020314,1534.8089385221513,1618.364364036096,83.5554255139447,504.74799816207496,31.962828070916157,792.3794761464073,2852.247191011236,745.72,42.93894150859192,66.62981616536693,328.2975759264423,43.725630337348264,1622.1664070537113,565.5087756676805,1610.5875403709742,520.6641098550645,1597.082008104738,500.84898085076566,1513.13490489071,489.01783324084766,1526.722335857448,489.12527497336396,1539.6183545691758,491.85297141427355,1526.3446365690247,493.6290338530091,1554.1527999588031,512.8888702070666,1578.703887207404,519.0662415059858,1598.5661571094201,522.6476044149791,1629.3890876428973,526.7414399066389,1653.5946363963296,539.4429847744806,140.45973150561963,2.938468903921616,0.008451850392861374,1.0928269720377408,12.0,4.0,45.0,6.970435204114136,0.013953397723377624,0.056400737342527485,0.8607493430188283,9.755681170914288e-88,5.0,0.005268817764559766,0.006866412816118439,0.044763461536096096,64.43514644351464,12.0,6.0,77.0,24.70987490018631,1.6666666666666667,20.0,2.0,0.0,0.8333333333333334
Kushinagar,1537.630495429478,1524.6875,1522.635202202001,1555.126414052399,32.49121185039799,497.2376892924476,32.337918034954384,747.1587121212119,2780.0,899.7304545454546,22.71631810446267,37.636090804758545,315.0,23.279574767701913,1529.802360064757,539.3422075552063,1515.1525434019736,504.9677218376449,1499.232447073045,473.7381358889803,1503.7003422532719,476.7404657356497,1511.9493857240966,485.02234718546674,1517.4421597110493,489.2898083238349,1522.6600498084995,499.0928010923372,1538.5386884337377,514.7729031303311,1560.5817942241322,523.6833576499763,1573.6502805080759,518.1302738952703,1586.2256870704364,530.4994581803882,1592.6302068806606,536.0176113547458,93.39775980761556,2.1205549717719023,0.004300064388904972,1.0622970507274947,12.0,3.0,45.0,6.861315862674336,0.022309507649364367,0.053126995854061,0.8864658469005942,8.295017166263679e-93,4.0,0.004644366178943373,0.005429353255440139,0.021775876644778057,60.66945606694561,36.0,12.0,38.0,22.66187050359712,59.583333333333336,20.0,19.0,0.0,4.166666666666666
Lalitpur,1568.714805713494,1481.8854907539117,1496.2270200076357,1624.5574057590902,128.33038575145474,508.29160130660574,32.4017851718701,877.53125,2818.5,859.2307692307693,35.59445387425512,52.24992935680544,303.2222222222222,37.79094363750489,1568.8131472658868,553.1676402345976,1551.2885918060044,539.5995907394883,1518.666314083764,500.8467791237429,1548.4419310542535,502.60488535805746,1564.9211509908368,494.811696894637,1557.8059427692249,495.577666992724,1549.183859587304,488.7393252420195,1572.5686744905652,505.2700586132593,1588.6634602876093,512.2393899905663,1585.9743181504136,526.0425071811804,1605.6935377612108,561.9117868745502,1612.5567403148543,549.2573923541506,93.89042623109026,1.6903587255629189,0.002721572343462326,1.0618242634082102,12.0,3.0,15.0,6.969700188406299,0.022714907478674475,0.050972006650398916,0.8037728623020869,9.504852425091253e-77,5.0,0.005007428660227625,0.0004582913339472583,0.04100369735548718,51.04602510460251,10.0,20.0,86.0,22.155588776448937,20.833333333333336,20.0,8.0,0.0,0.8333333333333334
Lucknow,1590.8858506301367,1579.9954644412192,1554.492175973653,1625.2119959158615,70.71981994220869,557.0025908469072,35.01210288760083,830.5649679487178,2941.8367346938776,699.2199999999999,50.75272121890197,80.65332383822118,343.5256410256411,50.89089854431828,1562.1250647862416,655.2585640705126,1576.5592649821517,663.2054236414051,1561.6439798373947,609.2780366173346,1532.2924277265652,517.0514884252008,1509.8763254410087,545.185307146004,1531.230376321353,552.1308771107012,1543.6872418019761,540.6996459433524,1589.6974902713432,522.7264806388418,1638.8191764524431,516.2229348123687,1650.7608774841715,530.1771833179324,1680.4811194635035,556.8925527497556,1713.456862993488,566.073720514902,203.5805375524792,4.091472830654634,0.01365598248667771,1.1348325913336093,12.0,5.0,70.0,7.718926980464676,0.011413565660768076,0.0634947009059248,0.867225783663639,5.067002066129402e-89,5.0,0.007023029782220056,0.009602194787379892,0.05386878696543124,70.7112970711297,11.0,6.0,75.0,23.69824198834335,1.25,20.0,2.0,0.0,0.8333333333333334
Mahamaya Nagar,1597.2946757062903,1582.93125,1561.139493750107,1628.4718104513918,67.33231670128474,518.2399461433898,32.44485529348146,792.1680288461539,2905.2083333333335,783.3333333333334,43.52539631458044,68.32504485453582,346.1111111111113,44.482640905615504,1639.868837535887,577.183385145988,1635.90740294583,551.7432752725393,1613.304187186478,525.7336653031521,1556.1856321382625,486.90662801475133,1548.6415264782977,496.8667412009789,1547.1211806930482,506.33482623412084,1531.8700398501312,500.23630430119175,1557.17004701578,506.9297027452547,1589.27002914539,523.9933972725365,1614.3902079441139,543.1625517900204,1656.8310976701184,551.1039431736318,1676.975919872147,562.04289041916,145.10588002201575,3.0597769885302064,0.008893810367405884,1.0947246673981639,12.0,7.0,40.0,7.119085583629387,0.015357203136905405,0.06002528928514317,0.8521909051594263,5.067088200084088e-86,4.0,0.005691493321312838,0.004753827816998513,0.03974451663137126,56.903765690376574,10.0,17.0,73.0,24.688705808739176,8.75,20.0,5.0,0.0,2.083333333333333
Mahoba,1587.954379794414,1470.2302631578946,1510.1351606725482,1665.177885342365,155.04272466981703,475.731218127213,29.958745930018722,738.5840204678364,2820.0,1039.7916666666667,30.742681209934524,49.79851725357035,375.5,30.968311628647918,1594.0629266454998,533.4732278828858,1591.1552139708754,523.1983543455741,1559.7841308000343,471.5621877925848,1572.0810865499973,451.47511354188657,1575.6385031021641,450.39813551111865,1573.1176750848556,448.51598149682417,1551.9456268240183,447.52469646505745,1581.1437188859156,471.36962800925625,1585.6170000399059,474.93397205812374,1602.2149575959388,494.8752075984074,1628.8496608972341,523.8665309336442,1639.84205713653,532.1430981130324,87.89643031251171,1.6313144027294797,0.0029650231006826612,1.056636282092168,12.0,7.0,50.0,6.12763641319717,0.03756215278436916,0.04493452198777015,0.7406245563122268,2.1912839946302656e-65,5.0,0.003922331737952417,0.0035621761658031215,0.03201936605535209,65.69037656903765,48.0,20.0,51.0,26.375484732833428,47.91666666666667,20.0,13.0,0.0,2.9166666666666665
Mahrajganj,1569.9604455691733,1572.8351351351353,1530.563452284396,1603.8086189542967,73.24516666990105,499.6996332424956,31.828804009220406,752.3226065048098,2673.3695652173915,869.0808333333333,29.96314960355853,47.292383272993916,477.5852514919011,30.704335374089762,1572.3521741331053,542.1578921607357,1586.663722992255,545.6103474163255,1557.911798399647,508.30627843406364,1539.8882322899017,478.6283321224562,1546.055832348168,481.9587919440431,1553.6725228671426,486.460589473809,1534.3717749099314,497.6852453996674,1543.6161315405138,502.40746765311894,1563.2605042053651,497.2540548926138,1593.5466172435786,517.5331911273506,1616.0527415260212,528.532460237272,1632.1332943744512,535.8223982525858,97.76151946451978,1.988688833722952,0.0039038491758407413,1.0637143624922705,12.0,7.0,55.00000000000001,6.9704823555226785,0.012966571941143161,0.05692808311674069,0.8991070337353912,1.8223706210440197e-95,5.0,0.004980251877088231,0.004509579120585361,0.03283639716575938,76.15062761506276,44.0,3.0,65.0,21.536488027366016,25.416666666666664,20.0,7.0,0.0,3.75
Mainpuri,1577.6617848465908,1548.9054054054054,1549.0608650142874,1599.5696948679886,50.508829853701016,509.9329447109996,32.32206988905323,805.8004628704628,2848.4242424242425,759.0666666666667,41.7306685244022,64.7393193893446,275.5922619047619,43.262333765693555,1607.1005459081905,564.7236998203323,1599.1454743490303,535.1324176284082,1567.8597800632153,496.6764105960013,1535.191046374267,498.7606232064718,1533.863567829442,497.04549568076544,1542.292813853354,505.3519335441382,1530.3184344788715,493.0723924583651,1560.4094179507802,502.4452379818418,1579.1126834541083,511.05102130506276,1595.4255604552263,528.6839433796595,1632.060556201676,548.1780464697794,1649.16153724093,559.2602469396194,118.8431027620586,2.515542021447749,0.006057101105623854,1.0776590676061018,12.0,7.0,30.0,7.026148254653245,0.015762152342242076,0.057726942947886606,0.8606200137758011,1.0564709565486697e-87,5.0,0.005227666687986699,0.005490696201448264,0.04080670179487965,58.995815899581594,9.0,9.0,88.0,22.33741894067981,10.416666666666668,20.0,6.0,0.0,0.8333333333333334
Mathura,1614.0175359531158,1533.880133333333,1577.2056874880736,1639.7731107251966,62.56742323712297,525.1339721601358,32.535828171782015,799.2973529460962,2978.173076923077,734.3877551020408,44.272858051996096,70.35384970648536,360.294117647059,44.89108742657222,1661.0782296316088,582.7740044115965,1661.3962169322403,557.7745580712926,1626.0219121251446,532.2116544908995,1547.842418823156,493.4030484015704,1557.5573235112947,502.6304062387676,1563.581382450075,509.1758849076866,1548.6511457135027,500.17038321927834,1585.730398626693,518.5628938087985,1606.8409439973998,522.4919706254065,1630.3737371930201,546.6980813311029,1677.805630289593,568.1805997905738,1701.3310921436616,576.4154041890322,153.48867332050554,3.331200226491662,0.010482810694801272,1.099162984199131,12.0,4.0,35.0,7.18735854638707,0.019307356235297456,0.05820057847921989,0.8548215573873437,1.4702373160354753e-86,4.0,0.0051603405657260765,0.006244543670101077,0.04048889828842141,61.50627615062761,10.0,6.0,86.0,23.016330819782404,6.25,20.0,4.0,0.0,0.8333333333333334
Mau,1596.8967045014908,1571.3793103448274,1552.3808288554426,1632.5072772186913,80.1264483632487,504.4678092342992,31.59050975634525,725.8938506191951,2910.0,936.463777777778,36.207453105415354,57.45306230925708,431.3888888888887,36.805821911068364,1610.1851213617817,570.8164874144162,1623.1422461289744,571.548976307612,1591.2013853877554,512.1139211625564,1565.7679838351003,460.63484233588827,1556.1659355018778,463.17031442400014,1560.6408001125856,461.79698903748397,1564.6397688165143,481.8307089838879,1575.0140269926758,497.6260786126084,1589.7239901899256,502.64509040337515,1617.696194348147,531.4405923553768,1643.875373893638,548.4874648415853,1664.7076274489161,562.4771715603674,108.54169194703832,2.2058625478392444,0.004875774665043468,1.0697494331875557,12.0,5.0,65.0,6.935876543164315,0.017450996626823527,0.05494602122184622,0.8925482830624806,4.1723359659013377e-94,4.0,0.004778584437175301,0.003226711560044837,0.03430643904459512,70.29288702928869,59.0,4.0,65.0,22.709923664122137,26.666666666666668,20.0,11.0,0.0,3.75
Meerut,1632.4653765284845,1560.7765151515152,1589.3828441614244,1674.9389102386233,85.55606607719885,528.7534370805656,32.38987145963151,853.4213855690484,2900.5555555555557,799.6666666666666,35.67659983726822,56.99511466490585,314.68253968253975,36.40196039158094,1656.568230847006,586.7065556764309,1655.68860054351,566.7498559209832,1630.5453462450582,534.6898203632622,1599.9826956988782,524.7709590779798,1570.3123990053052,492.1737867216732,1580.6912297702863,515.561553421597,1584.7661281356961,520.0152142462036,1611.2692781248625,534.1812824697988,1639.5609856726783,527.8383041536152,1653.6078377912454,534.1801890507678,1693.8868222515207,560.5863468885096,1712.7049642557674,569.8879569070392,142.3925652504622,2.749160385582723,0.007204132726364894,1.0906778583297558,12.0,5.0,60.0,7.338277288981155,0.01759419682900167,0.05620929450908996,0.8923409535019178,3.7487526450529536e-94,3.0,0.004926562092656933,0.002965533739116566,0.034263621410353884,66.94560669456067,44.0,14.0,53.0,22.532256567344284,31.666666666666664,20.0,11.0,0.0,0.8333333333333334
Mirzapur,1624.1211970123218,1583.0082417582416,1588.434676729096,1661.1974245681652,72.76274783906884,505.7922485700684,31.142518766487786,786.4073946886449,2902.8,888.0952380952381,37.875017358288126,61.32741752510678,379.3689555125725,37.508058180741514,1645.4136383431833,571.7800274119302,1663.8152708181667,556.2829974447916,1643.2015380947007,510.4752445248334,1579.0945549058397,464.1272266384652,1562.7481748023142,474.11927168917424,1575.3081056844665,484.83268908247265,1593.0135578412605,492.91282118458696,1604.9682042624183,502.1802308337014,1620.203629442677,503.7896452072369,1639.5423435114985,525.839164022672,1664.4269110311973,533.9301032459957,1697.7184354101385,561.2806211057136,134.97026060782423,2.572290217210638,0.006822325912431268,1.0863672489170546,12.0,5.0,40.0,6.990269893125897,0.017804920324593736,0.05550412630741741,0.8854198687307341,1.1980736595846901e-92,4.0,0.005041364242095178,0.005152979066022523,0.03276247980724029,62.34309623430963,14.0,6.0,64.0,22.283972750089628,15.833333333333332,20.0,8.0,0.0,3.3333333333333335
Moradabad,1632.3505662682796,1593.8823484848483,1607.2854379596808,1655.9744739320415,48.689035972360415,501.9360809549696,30.749282128926925,658.0416038961041,2928.9583333333335,731.0,43.84036077857691,69.55795270141628,426.62037037037044,43.55321647053515,1673.5006268990269,537.2412773837468,1688.5188555815032,555.2387364140466,1662.070318999888,504.1809907967911,1553.5883210786592,497.72250305824724,1561.4053688828035,496.13205404751136,1577.6840374863955,498.5370238903455,1582.3263078431742,491.3645535276812,1605.8248121749991,487.5150810666436,1622.9291594938632,494.3388744383662,1645.2083063326656,506.8825815218407,1692.5866225085406,521.912768749509,1722.5640579378367,534.572742020877,168.97573685917746,3.46465754767018,0.012695525057013676,1.108764808905011,12.0,4.0,50.0,6.936374890604894,0.012570401977308444,0.05859777713985315,0.8806945982024124,9.240872009235685e-92,4.0,0.005466143578505905,0.00842334541429346,0.04456504210245473,74.05857740585773,22.0,5.0,62.0,19.79442922696349,22.083333333333332,20.0,8.0,0.0,0.8333333333333334
Muzaffarnagar,1632.3185352490202,1615.1964285714284,1592.9987719769226,1680.7416664194955,87.74289444257263,519.4762417188276,31.8244405427632,806.9146350472813,2973.706896551724,776.1081081081081,42.82633428427237,68.57092324717513,456.8963156584514,43.4471305390012,1674.39623399835,565.2610600873851,1676.6955743100964,552.8855299543955,1660.0963502734471,534.586380391103,1590.952495462874,496.8880834593835,1567.7974682267236,489.4051145250324,1582.647486472798,496.13582127108964,1578.8854437303967,513.451261202056,1588.0936258423703,517.6224560688613,1607.7714258781687,531.628119731299,1639.8355395892208,540.9196382776341,1696.3094630802639,547.7006995354275,1724.3413161235324,558.2766589019876,156.54384789680876,3.246223070121664,0.01040483420235171,1.0998495348215287,12.0,5.0,35.0,7.1613496707117035,0.017198452738116304,0.05787764589310651,0.8661098873639391,8.487632928131052e-89,4.0,0.005111457001084359,0.005812809886524661,0.03975000487594511,61.50627615062761,12.0,11.0,65.0,23.58139861120854,5.0,20.0,3.0,0.0,0.8333333333333334
Pilibhit,1615.2680562432465,1600.497491638796,1588.2013039096041,1639.0607099288875,50.85940601928343,515.3328586257211,31.903859958963743,725.730120625663,2910.03125,731.52,39.85110919411708,60.70879691034351,376.52618724559034,41.1941258708687,1637.8954049054253,553.7961447889705,1663.530910986697,567.824137024212,1620.468821271568,536.4506839733313,1530.9782117866464,506.4726698681256,1551.002110615711,492.3835879001712,1568.9279690858377,502.0474524192558,1578.107831489478,500.95385914979477,1600.1437074603411,498.3640963835015,1622.065466838065,517.8611320103602,1645.014994885513,528.8755785913111,1669.061828826408,542.8895429240533,1696.019416767267,548.6649352886951,165.0412049806207,3.134938944817979,0.009655432086170004,1.1078011455094572,12.0,4.0,60.0,7.184740854659583,0.013400232555833625,0.05920197805839367,0.9058702524726006,5.702830868592663e-97,5.0,0.005240784423678695,0.008338647997267357,0.0371044773524198,70.29288702928869,21.0,5.0,68.0,18.969937347896657,20.0,20.0,8.0,0.0,0.8333333333333334
Pratapgarh,1596.643519868338,1534.702380952381,1566.2209369282025,1636.4174887853305,70.19655185712814,523.706076059685,32.80043851634901,779.0042326050418,2896.0344827586205,842.5,34.389679564822075,53.88296549248432,414.6059113300489,35.16876827411283,1578.1697900371976,588.3060237432832,1589.7423806013187,571.5059714669426,1588.2024570389185,552.3188054008209,1567.3677486646495,488.2424717767647,1559.941422679769,479.0373024775902,1575.9928273061128,498.942089453386,1559.7095205731969,504.2415776961037,1594.4053762607653,510.74348283064677,1615.9327257328932,525.2034099015328,1627.064130054152,546.6254246648209,1648.3073706246862,562.8505856648767,1654.8864888463954,580.0221014832745,95.17696827319855,2.0529633538976717,0.0039174466833243856,1.0610222397297548,12.0,7.0,35.0,7.245712519717533,0.018303940615167682,0.06042250004345906,0.8835344187745862,2.446094703165664e-92,4.0,0.0052187861096872415,0.0035749106272342512,0.033424666523057235,59.41422594142259,27.0,12.0,64.0,26.471151415813292,22.5,20.0,11.0,0.0,0.8333333333333334
Rae Bareli,1566.061844442299,1523.6695697696555,1548.5696309120447,1577.977266423325,29.407635511280528,518.4751858192092,33.10694195501883,804.8647755613874,2799.6612903225805,735.0,41.471590427311654,63.82239234645593,343.5641304347828,42.552407345375165,1588.4592193872563,563.9948223425032,1587.071908400325,543.9868274668529,1559.3860759106237,526.0593679298557,1511.5526923105722,505.61622357976216,1537.1319851723752,492.6622318249581,1540.7020839701756,502.48845730192824,1518.5702708028352,504.31670867674336,1543.0485375157496,514.7983368322136,1567.365650856303,529.3889114620973,1583.9171080997135,541.7493930850112,1624.49123898678,560.3885087132587,1631.0453618948795,561.8310033483868,119.49266958430735,2.4490757423024747,0.005472254645889942,1.0790529302697678,12.0,4.0,30.0,7.139561240673138,0.01756585103990321,0.05737594329092377,0.8551005120052959,1.2945763423240401e-86,4.0,0.005342625782686911,0.004914887031878923,0.041897312297971,62.34309623430963,9.0,8.0,88.0,21.338928475664222,1.25,20.0,2.0,0.0,0.8333333333333334
Rampur,1602.105992260662,1523.8333333333335,1574.302210115395,1631.1918790769555,56.889668961560695,514.513859920194,32.114845235313425,799.2594351270423,2929.0476190476193,795.0,31.07452215218284,51.191841203603474,444.1920731707319,30.77471156620085,1611.5150036223035,568.052658467947,1624.0215101340423,584.2719481339924,1599.0965622548806,534.7038275990662,1563.7788943062965,478.6413256508731,1561.3767330856713,483.18547413441235,1566.0766591253873,498.75608675962536,1565.7549401021656,501.6827676830987,1575.9407471553563,500.3930686061097,1602.8975265030062,514.4255240497766,1629.2009423076138,520.5819080195569,1649.4112679785212,538.6387937352018,1676.2011205527015,569.6754250696667,114.82438746703019,2.340951819459523,0.005313409448883581,1.0735404755520523,12.0,5.0,45.0,7.155666312246387,0.017614660485364735,0.059112708087645904,0.9096235498370011,9.841325344434103e-98,5.0,0.005021438203173055,0.004807692307692291,0.028640283824860346,64.01673640167364,24.0,13.0,53.0,19.708449868632925,31.666666666666664,20.0,12.0,0.0,1.6666666666666667
Saharanpur,1634.815978166024,1579.5173913043477,1540.242441210824,1710.0955679333686,169.85312672254489,521.1660651958395,31.879188370821783,779.9985077573392,2920.8695652173915,810.5714285714286,41.146054999360764,65.54329300842267,380.0833333333335,42.76183141614264,1665.2421674357436,576.7771164182245,1667.459460383589,559.8868503474839,1655.3171480312208,526.9545527704406,1585.2813991289881,486.3554478293455,1557.399913009767,484.62927428097936,1578.8362149254103,502.18589307741945,1588.750071806254,512.7177441918757,1606.8660189724278,520.2421851460223,1628.141186108051,531.4629584684246,1653.5904536539208,544.2342117132648,1700.4504280226024,555.5373724484137,1730.4572765143141,562.1672500622155,173.05736350454708,3.2340104054396415,0.01029125439691814,1.111119412592045,12.0,5.0,45.0,7.197177130032335,0.017098818017872715,0.059195816644544985,0.87917417293757,2.0226146803103767e-91,4.0,0.005511254482605054,0.008239983895387049,0.037471161734122606,64.85355648535564,12.0,4.0,72.0,24.4200657258844,10.833333333333334,20.0,6.0,0.0,2.5
Sant Kabir Nagar,1464.5123386681068,1204.1586363636363,1415.0787782341165,1497.4009973828224,82.32221914870588,558.8293295678225,38.15804857445222,886.2849886734997,2900.0,710.967619047619,18.18887189018022,30.693281155707773,430.0,18.13496597358994,1422.3375511291244,581.8235534571648,1425.0800575755943,598.9959901986243,1436.32257925627,600.0447362291743,1452.4962680471704,535.1768977416849,1454.614370483683,534.7676284526585,1463.7912284521035,545.5408863679108,1466.6271761495084,551.2536674293126,1472.0543547286047,555.8572186623898,1483.5845785811412,573.3594776691967,1490.916144257059,583.8244980834942,1498.971420089349,591.1667915592641,1507.3523352676734,600.0130197768807,85.01478413854898,1.8999028137910423,0.0024790795271293657,1.0597711732148671,12.0,1.0,60.0,7.7690981717578085,0.022734878259541288,0.06809644676980331,0.9178595782625214,1.7257829333912136e-99,4.0,0.005474920389284959,0.0029025044034136638,0.018817836576065464,62.76150627615063,22.0,12.0,43.0,15.517241379310345,55.41666666666667,20.0,17.0,0.0,1.25
Sant Ravidas Nagar (Bhadohi),1615.199383007654,1525.3125,1558.790910397515,1670.6528178281305,111.86190743061572,489.94485256992715,30.33339770459815,621.5818281718282,2844.4444444444443,920.19,21.25438084959718,37.00564692210784,377.6098901098899,20.315523515758183,1607.2308218504063,552.6424529628218,1624.670387158451,560.6377705564963,1614.828345218507,527.5958431801731,1579.1126219726566,449.6746671668439,1578.292762751954,442.8744962441093,1582.2985768349297,444.7019048515819,1597.6783471461458,463.5853088773344,1609.6243025732438,476.72472658940694,1622.3659208980434,490.03057635833204,1638.4472415413961,504.71665378312224,1653.4975235704267,523.4421548408695,1674.3457445756856,551.3491025579716,96.05298182373167,1.8474876622483463,0.003709547830080473,1.0608587862091259,12.0,5.0,60.0,6.805879922230548,0.01566153902912002,0.05582369495452277,0.9281010567546681,2.047959715471883e-101,5.0,0.00452873080648227,0.0036200688984031615,0.020326407462730133,66.94560669456067,97.0,18.0,20.0,21.85430463576159,54.58333333333333,20.0,15.0,0.0,3.3333333333333335
Shahjahanpur,1601.3359815041663,1570.296875,1562.3146160472509,1636.7798153886608,74.46519934140989,517.2116368151119,32.29875821120842,754.0776963185895,2887.59375,800.0,39.3514802758602,61.73441020349613,413.641304347826,39.81684068412774,1622.7094303773033,567.046711865394,1634.9840368247408,575.3880559947722,1609.8186445720416,524.1859823933091,1541.2507763039837,473.8385554025975,1545.5657283915705,486.49804491490204,1559.6696741283874,505.4299382823206,1563.0852614068876,501.85835512498176,1589.4133996273958,510.5521387747568,1600.3124945686352,524.3037652877518,1619.3897481967495,540.4446883103623,1649.9469630806102,550.94667874146,1679.8856205716886,562.3270839217195,138.63484426770492,2.7013123244142836,0.006994842648177645,1.089949569790427,12.0,4.0,50.0,7.173103718513075,0.01615971676130664,0.059201476088888594,0.8776762696564974,3.8330273910205675e-91,5.0,0.005211284589544855,0.005773503434739924,0.03610509494200484,66.10878661087865,33.0,10.0,75.0,22.0576773187841,25.0,20.0,10.0,0.0,0.8333333333333334
Shrawasti,1573.307620221119,1535.6060606060605,1543.5477991431844,1608.7640089357617,65.21620979257727,529.9959645544636,33.68673473277755,851.433453525641,2842.6190476190477,830.9804761904762,32.86393191515896,50.34507611414484,362.5333333333331,34.11337514014668,1567.098282085125,561.7446914805314,1581.3173053113553,554.2771541349426,1574.364530540293,533.8830700354672,1549.6047947850395,526.53242826404,1567.2294787920414,541.4393908462432,1567.0346955636576,540.4915497403277,1564.5441580528072,541.0695256045907,1569.3400681986836,537.5488134678714,1581.3894388687975,541.4051970145382,1580.739167087432,547.1384757766608,1588.763776295977,546.7797562086364,1588.2657470722147,537.011681914541,39.158981510937565,0.7215677836180066,0.00045881376200692964,1.0252703022362355,11.0,4.0,15.0,7.439017905138372,0.013396046998985304,0.061269296370015436,0.9108356812409522,6.71920580283964e-98,5.0,0.005254570339829126,0.003416600462951669,0.03292934694563404,59.83263598326359,13.0,7.0,71.0,21.88412049843921,32.083333333333336,20.0,14.0,0.0,3.75
Siddharthnagar,1563.3600215355405,1554.5448717948718,1534.3757369567277,1585.6389288028572,51.263191846129644,492.5409654892174,31.505280850500515,816.7866923321881,2704.5588235294117,888.5505882352942,28.39031020959219,44.54713083378559,288.65819209039546,28.845964689966276,1557.107639145707,521.3659117795086,1562.4961827334823,522.2367922506044,1554.1911506187082,514.7791923843345,1537.1371695643202,494.44352911398045,1536.218266410351,491.0830084502999,1541.1776294624465,499.70266330760177,1542.0596013848913,497.03428949727106,1557.5834651676528,496.2855101298254,1562.140495157965,491.6346132476384,1585.226646751174,492.1908518071049,1610.7908333252349,502.17643065892577,1614.1911787045512,518.6384083061295,77.97291229420034,1.7077172624376837,0.002938090886885328,1.0507564022633307,12.0,5.0,35.0,6.884051146002964,0.013206569676228713,0.055440961419292556,0.8847530467217586,1.661407660700176e-92,5.0,0.004701587487699827,0.005077696409890198,0.030033184252685932,57.74058577405857,11.0,16.0,70.0,20.52267373380447,20.833333333333336,20.0,7.0,0.0,3.75
Sitapur,1580.1403663082276,1559.2381320949432,1542.4920906169948,1608.4391913432457,65.94710072625087,503.3399038220998,31.854126035529468,782.1804452787212,2806.268656716418,772.0416666666666,40.41083789704055,60.82079272802965,307.74912280701733,42.86429095608278,1606.21853383981,544.4824891261997,1606.6437257752955,531.3038411695139,1568.9662138189865,504.9722024180817,1514.6029414670136,485.51193532533887,1539.7444618802383,493.0307251330158,1548.2445950603098,494.37332249677564,1534.5707088351114,491.9482315359132,1567.2039241571179,506.52761734731655,1590.600246952981,516.1082141894452,1601.5030024028229,520.9015711419557,1632.8053674313483,532.508739186684,1650.580674077697,538.6000213972038,135.97773261068346,2.6299571326666187,0.0068165708221021495,1.089777808353507,12.0,4.0,40.0,6.943115564583914,0.016346099000359594,0.056792256424720966,0.8696061521388115,1.636437498921141e-89,5.0,0.005182635724252975,0.006114364450568344,0.04104865515218439,61.50627615062761,8.0,4.0,98.0,20.204081632653068,7.083333333333333,20.0,6.0,0.0,0.8333333333333334
Sonbhadra,1636.2166112622724,1615.5738636363635,1583.7155611975747,1690.3829517350853,106.66739053751077,521.3734653231829,31.864574759509694,836.2596153846157,2894.0384615384614,903.8,26.335793808873984,43.80201663687536,384.24749163879596,26.026627911905315,1630.5390044405012,580.3995007073701,1655.145285938202,599.9931554996515,1632.4077992383434,549.1216090450201,1596.0428791459767,485.8062229595834,1599.775206419909,485.35719772715305,1612.6524130958383,496.59120419813695,1616.673365269337,501.62931583097566,1625.030890732935,508.7313919653282,1642.459328325113,522.1447371778095,1654.8836376883985,537.0715690173212,1675.74996092789,545.9248719489758,1693.2395639248268,568.4146969074338,97.19668477885011,1.806557391405643,0.003214306390524754,1.0608985422940886,12.0,4.0,55.00000000000001,7.332363496918321,0.012459700395573757,0.05713668413232775,0.9360315743778548,2.697853043690552e-103,5.0,0.00468305440404418,0.004676018704074636,0.02294403563036788,77.40585774058577,47.0,7.0,34.0,19.52321953010278,44.583333333333336,20.0,12.0,0.0,3.75
Sultanpur,1586.8446015513196,1525.714689265537,1546.726950926972,1627.4964636648244,80.76951273785238,524.2085011116812,33.034646278482995,830.0788288288286,2823.1481481481483,862.5,43.13362362509001,65.87361828003029,295.0799999999999,44.781299355384625,1616.4771236961199,579.4534530181076,1613.2301593013822,544.5011181220179,1579.0157741568357,523.5615403221095,1529.0635802798163,485.64593740558087,1538.2355303724055,497.70151802533906,1551.320111924423,509.3857696822437,1531.0577403699817,508.45745010403095,1561.3300295137456,524.2267634445786,1589.534398444741,541.7384367482085,1615.9631683517541,551.8618878543023,1653.2863955881323,569.6422041054537,1663.6212066164978,571.4869894258534,134.55762633668155,2.9143919656296373,0.0077831714999845375,1.0880000204517708,12.0,4.0,25.0,7.203499308928418,0.01972455157883139,0.05576554373357956,0.8481805550030579,3.8623358489562654e-85,3.0,0.005224965003672545,0.0032613672384038672,0.04137489081185834,54.811715481171554,8.0,7.0,94.0,30.393468950749465,4.583333333333333,20.0,3.0,0.0,3.75
Unnao,1587.8949361286402,1544.4483568075116,1567.4734435114322,1606.203098703779,38.729655192346975,518.7271491890599,32.66759893156031,788.4585949780756,2825.9868421052633,758.75,42.77344282102848,66.69320853949046,358.259849906191,43.14387870502277,1610.4989766613169,550.0597081124644,1615.739628638403,551.1110917289441,1595.5519828023232,532.537699645463,1531.4387327068516,498.9865015414358,1533.7747159134765,501.8750445489078,1545.4189260435728,507.9745417387706,1538.4453445720903,515.2622618850031,1570.743281365476,522.5008731332965,1594.0627913725946,528.5485958572347,1614.7010767547677,534.8136438584456,1642.870861248768,544.6082888132934,1661.492915464042,559.5715684021854,130.05418275719035,2.764742855474724,0.0071626719160357765,1.0849228767561054,12.0,4.0,35.0,7.14883343523662,0.016263106778993727,0.05749304199961203,0.8514043633174291,6.964081994809427e-86,4.0,0.005353408335240176,0.004777509810215408,0.0427656616475876,60.66945606694561,9.0,6.0,89.0,22.75879510695223,1.6666666666666667,20.0,3.0,0.0,0.8333333333333334
Varanasi,1661.1585793832744,1630.4485645933014,1630.1819170133228,1693.4287258696984,63.2468088563757,499.34550842600754,30.06007461439327,720.8062393162395,2958.75,874.1666666666666,36.42983953849377,58.23290101755327,410.163043478261,36.54712309791225,1673.8017961293092,559.9646984201588,1702.5765642502997,562.9473796172435,1672.7724608191809,505.4906125514773,1616.7691658554006,459.19365319689297,1602.5550829926917,464.4783764232409,1621.345263715753,484.00747622519646,1623.4973532763531,482.0281920230483,1639.21934724032,489.7070861032769,1654.9286493375046,493.0787709605052,1679.721463914772,517.6098976901505,1705.6546857546534,530.7963150133072,1741.0611193130542,551.3792276879619,138.50603632036245,2.5441693674591614,0.007163280045710253,1.0864282531004859,12.0,5.0,40.0,6.87851067134296,0.016269098099310025,0.05432929858210822,0.8919032032289985,4.6505801304346673e-94,5.0,0.0049611999050325735,0.007936421147021866,0.032080397234031444,73.64016736401673,39.0,4.0,62.0,22.607084693449405,20.833333333333336,20.0,7.0,0.0,0.8333333333333334
